# Data downloaded from IMGT GENE-DB (http://www.imgt.org/genedb/) on 10/17/2017														
# This is a copy/paste from the ‘Localization in Genome Assemblies’ section for TRA/TRB/TRG/TRD loci														
TRAV1-1	14q11.2	forward	TRA	10000..10702	direct	TRAV1-1*01 F	-	L-V-GENE-UNIT	-	-	TRAV1-1	NC_000014.9	21621904..21622606	direct
TRAV1-1	14q11.2	forward	TRA	10389..10663	direct	TRAV1-1*01 F	AE000658	V-REGION	128090..128364	direct	TRAV1-1	NC_000014.9	21622293..21622567	direct
TRAV1-2	14q11.2	forward	TRA	31069..31721	direct	-	-	L-V-GENE-UNIT	-	-	TRAV1-2	NC_000014.9	21642973..21643625	direct
TRAV1-2	14q11.2	forward	TRA	31408..31682	direct	-	-	V-REGION	-	-	TRAV1-2	NC_000014.9	21643312..21643586	direct
TRAV2	14q11.2	forward	TRA	100427..100978	direct	TRAV2*01 F	-	L-V-GENE-UNIT	-	-	TRAV2	NC_000014.9	21712331..21712882	direct
TRAV2	14q11.2	forward	TRA	100677..100939	direct	TRAV2*01 F	AE000658	V-REGION	218448..218710	direct	TRAV2	NC_000014.9	21712581..21712843	direct
TRAV3	14q11.2	forward	TRA	111985..112456	direct	TRAV3*01 F	-	L-V-GENE-UNIT	-	-	TRAV3	NC_000014.9	21723889..21724360	direct
TRAV3	14q11.2	forward	TRA	112132..112417	direct	TRAV3*01 F	AE000658	V-REGION	229927..230212	direct	TRAV3	NC_000014.9	21724036..21724321	direct
TRAV4	14q11.2	forward	TRA	124315..125117	direct	TRAV4*01 F	-	L-V-GENE-UNIT	-	-	TRAV4	NC_000014.9	21736219..21737021	direct
TRAV4	14q11.2	forward	TRA	124802..125078	direct	TRAV4*01 F	AE000658	V-REGION	242632..242908	direct	TRAV4	NC_000014.9	21736706..21736982	direct
TRAV5	14q11.2	forward	TRA	137286..137840	direct	TRAV5*01 F	-	L-V-GENE-UNIT	-	-	TRAV5	NC_000014.9	21749190..21749744	direct
TRAV5	14q11.2	forward	TRA	137525..137801	direct	TRAV5*01 F	AE000659	V-REGION	4886..5162	direct	TRAV5	NC_000014.9	21749429..21749705	direct
TRAV6	14q11.2	forward	TRA	156649..157215	direct	-	-	L-V-GENE-UNIT	-	-	TRAV6	NC_000014.9	21768553..21769119	direct
TRAV6	14q11.2	forward	TRA	156897..157176	direct	-	-	V-REGION	-	-	TRAV6	NC_000014.9	21768801..21769080	direct
TRAV7	14q11.2	forward	TRA	171089..171638	direct	TRAV7*01 F	-	L-V-GENE-UNIT	-	-	TRAV7	NC_000014.9	21782993..21783542	direct
TRAV7	14q11.2	forward	TRA	171326..171599	direct	TRAV7*01 F	AE000659	V-REGION	38620..38893	direct	TRAV7	NC_000014.9	21783230..21783503	direct
TRAV8-1	14q11.2	forward	TRA	185515..186021	direct	TRAV8-1*01 F	-	L-V-GENE-UNIT	-	-	TRAV8-1	NC_000014.9	21797419..21797925	direct
TRAV8-1	14q11.2	forward	TRA	185699..185982	direct	TRAV8-1*01 F	AE000659	V-REGION	52948..53231	direct	TRAV8-1	NC_000014.9	21797603..21797886	direct
TRAV9-1	14q11.2	forward	TRA	199598..200112	direct	TRAV9-1*01 F	-	L-V-GENE-UNIT	-	-	TRAV9-1	NC_000014.9	21811502..21812016	direct
TRAV9-1	14q11.2	forward	TRA	199793..200073	direct	TRAV9-1*01 F	AE000659	V-REGION	67042..67322	direct	TRAV9-1	NC_000014.9	21811697..21811977	direct
TRAV10	14q11.2	forward	TRA	213604..214210	direct	-	-	L-V-GENE-UNIT	-	-	TRAV10	NC_000014.9	21825508..21826114	direct
TRAV10	14q11.2	forward	TRA	213892..214171	direct	-	-	V-REGION	-	-	TRAV10	NC_000014.9	21825796..21826075	direct
TRAV12-1	14q11.2	forward	TRA	229339..229909	direct	TRAV12-1*01 F	-	L-V-GENE-UNIT	-	-	TRAV12-1	NC_000014.9	21841243..21841813	direct
TRAV12-1	14q11.2	forward	TRA	229597..229870	direct	TRAV12-1*01 F	AE000659	V-REGION	96856..97129	direct	TRAV12-1	NC_000014.9	21841501..21841774	direct
TRAV8-2	14q11.2	forward	TRA	234858..235355	direct	-	-	L-V-GENE-UNIT	-	-	TRAV8-2	NC_000014.9	21846762..21847259	direct
TRAV8-2	14q11.2	forward	TRA	235034..235317	direct	-	-	V-REGION	-	-	TRAV8-2	NC_000014.9	21846938..21847221	direct
TRAV8-3	14q11.2	forward	TRA	240654..241141	direct	TRAV8-3*01 F	-	L-V-GENE-UNIT	-	-	TRAV8-3	NC_000014.9	21852558..21853045	direct
TRAV8-3	14q11.2	forward	TRA	240819..241102	direct	TRAV8-3*01 F	AE000659	V-REGION	108073..108356	direct	TRAV8-3	NC_000014.9	21852723..21853006	direct
TRAV13-1	14q11.2	forward	TRA	256958..257500	direct	TRAV13-1*01 F	-	L-V-GENE-UNIT	-	-	TRAV13-1	NC_000014.9	21868862..21869404	direct
TRAV13-1	14q11.2	forward	TRA	257182..257461	direct	TRAV13-1*01 F	AE000659	V-REGION	124440..124719	direct	TRAV13-1	NC_000014.9	21869086..21869365	direct
TRAV12-2	14q11.2	forward	TRA	276058..276637	direct	TRAV12-2*01 F	-	L-V-GENE-UNIT	-	-	TRAV12-2	NC_000014.9	21887962..21888541	direct
TRAV12-2	14q11.2	forward	TRA	276322..276598	direct	TRAV12-2*01 F	AE000659	V-REGION	143579..143855	direct	TRAV12-2	NC_000014.9	21888226..21888502	direct
TRAV8-4	14q11.2	forward	TRA	282657..283164	direct	TRAV8-4*01 F	-	L-V-GENE-UNIT	-	-	TRAV8-4	NC_000014.9	21894561..21895068	direct
TRAV8-4	14q11.2	forward	TRA	282843..283126	direct	TRAV8-4*01 F	AE000659	V-REGION	150100..150383	direct	TRAV8-4	NC_000014.9	21894747..21895030	direct
TRAV8-5	14q11.2	forward	TRA	291173..291732	direct	TRAV8-5*01 P	-	L-V-GENE-UNIT	-	-	TRAV8-5	NC_000014.9	21903077..21903636	direct
TRAV8-5	14q11.2	forward	TRA	291338..291694	direct	TRAV8-5*01 P	AE000659	V-REGION	158595..158951	direct	TRAV8-5	NC_000014.9	21903242..21903598	direct
TRAV13-2	14q11.2	forward	TRA	306354..306891	direct	TRAV13-2*01 F	-	L-V-GENE-UNIT	-	-	TRAV13-2	NC_000014.9	21918258..21918795	direct
TRAV13-2	14q11.2	forward	TRA	306573..306852	direct	TRAV13-2*01 F	AE000659	V-REGION	173825..174104	direct	TRAV13-2	NC_000014.9	21918477..21918756	direct
TRAV9-2	14q11.2	forward	TRA	329280..329792	direct	-	-	L-V-GENE-UNIT	-	-	TRAV9-2	NC_000014.9	21941184..21941696	direct
TRAV9-2	14q11.2	forward	TRA	329473..329753	direct	-	-	V-REGION	-	-	TRAV9-2	NC_000014.9	21941377..21941657	direct
TRAV12-3	14q11.2	forward	TRA	353603..354196	direct	TRAV12-3*01 F	-	L-V-GENE-UNIT	-	-	TRAV12-3	NC_000014.9	21965507..21966100	direct
TRAV12-3	14q11.2	forward	TRA	353881..354157	direct	TRAV12-3*01 F	AE000659	V-REGION	221187..221463	direct	TRAV12-3	NC_000014.9	21965785..21966061	direct
TRAV8-6	14q11.2	forward	TRA	366775..367254	direct	TRAV8-6*01 F	-	L-V-GENE-UNIT	-	-	TRAV8-6	NC_000014.9	21978679..21979158	direct
TRAV8-6	14q11.2	forward	TRA	366933..367216	direct	TRAV8-6*01 F	X02850	V-REGION	202..485	direct	TRAV8-6	NC_000014.9	21978837..21979120	direct
TRAV16	14q11.2	forward	TRA	378592..379072	direct	TRAV16*01 F	-	L-V-GENE-UNIT	-	-	TRAV16	NC_000014.9	21990496..21990976	direct
TRAV16	14q11.2	forward	TRA	378763..379034	direct	TRAV16*01 F	AE000659	V-REGION	246079..246350	direct	TRAV16	NC_000014.9	21990667..21990938	direct
TRAV17	14q11.2	forward	TRA	385782..386303	direct	TRAV17*01 F	-	L-V-GENE-UNIT	-	-	TRAV17	NC_000014.9	21997686..21998207	direct
TRAV17	14q11.2	forward	TRA	385988..386264	direct	TRAV17*01 F	AE000660	V-REGION	2163..2439	direct	TRAV17	NC_000014.9	21997892..21998168	direct
TRAV18	14q11.2	forward	TRA	391307..391808	direct	TRAV18*01 F	-	L-V-GENE-UNIT	-	-	TRAV18	NC_000014.9	22003211..22003712	direct
TRAV18	14q11.2	forward	TRA	391492..391769	direct	TRAV18*01 F	AE000660	V-REGION	7667..7944	direct	TRAV18	NC_000014.9	22003396..22003673	direct
TRAV19	14q11.2	forward	TRA	395725..396316	direct	TRAV19*01 F	-	L-V-GENE-UNIT	-	-	TRAV19	NC_000014.9	22007629..22008220	direct
TRAV19	14q11.2	forward	TRA	395988..396277	direct	TRAV19*01 F	AE000660	V-REGION	12163..12452	direct	TRAV19	NC_000014.9	22007892..22008181	direct
TRAV20	14q11.2	forward	TRA	428759..429288	direct	-	-	L-V-GENE-UNIT	-	-	TRAV20	NC_000014.9	22040663..22041192	direct
TRAV20	14q11.2	forward	TRA	428976..429249	direct	-	-	V-REGION	-	-	TRAV20	NC_000014.9	22040880..22041153	direct
TRAV21	14q11.2	forward	TRA	440617..441191	direct	TRAV21*01 F	-	L-V-GENE-UNIT	-	-	TRAV21	NC_000014.9	22052521..22053095	direct
TRAV21	14q11.2	forward	TRA	440874..441152	direct	TRAV21*01 F	AE000660	V-REGION	57069..57347	direct	TRAV21	NC_000014.9	22052778..22053056	direct
TRAV22	14q11.2	forward	TRA	458786..459343	direct	TRAV22*01 F	-	L-V-GENE-UNIT	-	-	TRAV22	NC_000014.9	22070690..22071247	direct
TRAV22	14q11.2	forward	TRA	459034..459304	direct	TRAV22*01 F	AE000660	V-REGION	75233..75503	direct	TRAV22	NC_000014.9	22070938..22071208	direct
TRAV25	14q11.2	forward	TRA	500519..501166	direct	TRAV25*01 F	-	L-V-GENE-UNIT	-	-	TRAV25	NC_000014.9	22112423..22113070	direct
TRAV25	14q11.2	forward	TRA	500855..501127	direct	TRAV25*01 F	AE000660	V-REGION	116744..117016	direct	TRAV25	NC_000014.9	22112759..22113031	direct
TRAV26-1	14q11.2	forward	TRA	511623..512420	direct	-	-	L-V-GENE-UNIT	-	-	TRAV26-1	NC_000014.9	22123527..22124324	direct
TRAV26-1	14q11.2	forward	TRA	512105..512381	direct	-	-	V-REGION	-	-	TRAV26-1	NC_000014.9	22124009..22124285	direct
TRAV27	14q11.2	forward	TRA	536188..536768	direct	-	-	L-V-GENE-UNIT	-	-	TRAV27	NC_000014.9	22148092..22148672	direct
TRAV27	14q11.2	forward	TRA	536456..536729	direct	-	-	V-REGION	-	-	TRAV27	NC_000014.9	22148360..22148633	direct
TRAV28	14q11.2	forward	TRA	543175..543773	direct	-	-	L-V-GENE-UNIT	-	-	TRAV28	NC_000014.9	22155079..22155677	direct
TRAV28	14q11.2	forward	TRA	543472..543734	direct	-	-	V-REGION	-	-	TRAV28	NC_000014.9	22155376..22155638	direct
TRAV30	14q11.2	forward	TRA	556525..557123	direct	-	-	L-V-GENE-UNIT	-	-	TRAV30	NC_000014.9	22168429..22169027	direct
TRAV30	14q11.2	forward	TRA	556811..557084	direct	-	-	V-REGION	-	-	TRAV30	NC_000014.9	22168715..22168988	direct
TRAV26-2	14q11.2	forward	TRA	590679..591503	direct	TRAV26-2*01 F	-	L-V-GENE-UNIT	-	-	TRAV26-2	NC_000014.9	22202583..22203407	direct
TRAV26-2	14q11.2	forward	TRA	591189..591464	direct	TRAV26-2*01 F	AE000660	V-REGION	207019..207294	direct	TRAV26-2	NC_000014.9	22203093..22203368	direct
TRAV34	14q11.2	forward	TRA	595630..596264	direct	TRAV34*01 F	-	L-V-GENE-UNIT	-	-	TRAV34	NC_000014.9	22207534..22208168	direct
TRAV34	14q11.2	forward	TRA	595949..596225	direct	TRAV34*01 F	AE000660	V-REGION	211781..212057	direct	TRAV34	NC_000014.9	22207853..22208129	direct
TRAV35	14q11.2	forward	TRA	609992..610610	direct	-	-	L-V-GENE-UNIT	-	-	TRAV35	NC_000014.9	22221896..22222514	direct
TRAV35	14q11.2	forward	TRA	610296..610571	direct	-	-	V-REGION	-	-	TRAV35	NC_000014.9	22222200..22222475	direct
TRAV38-1	14q11.2	forward	TRA	660067..660698	direct	TRAV38-1*01 F	-	L-V-GENE-UNIT	-	-	TRAV38-1	NC_000014.9	22271971..22272602	direct
TRAV38-1	14q11.2	forward	TRA	660370..660659	direct	TRAV38-1*01 F	AE000661	V-REGION	25123..25412	direct	TRAV38-1	NC_000014.9	22272274..22272563	direct
TRAV39	14q11.2	forward	TRA	692150..692688	direct	TRAV39*01 F	-	L-V-GENE-UNIT	-	-	TRAV39	NC_000014.9	22304054..22304592	direct
TRAV39	14q11.2	forward	TRA	692373..692649	direct	TRAV39*01 F	AE000661	V-REGION	57128..57404	direct	TRAV39	NC_000014.9	22304277..22304553	direct
TRAV40	14q11.2	forward	TRA	702586..703053	direct	TRAV40*01 F	-	L-V-GENE-UNIT	-	-	TRAV40	NC_000014.9	22314490..22314957	direct
TRAV40	14q11.2	forward	TRA	702753..703015	direct	TRAV40*01 F	X73521	V-REGION	237..499	direct	TRAV40	NC_000014.9	22314657..22314919	direct
TRAV41	14q11.2	forward	TRA	708284..708826	direct	TRAV41*01 F	-	L-V-GENE-UNIT	-	-	TRAV41	NC_000014.9	22320188..22320730	direct
TRAV41	14q11.2	forward	TRA	708518..708787	direct	TRAV41*01 F	AE000661	V-REGION	73820..74089	direct	TRAV41	NC_000014.9	22320422..22320691	direct
TRAJ61	14q11.2	forward	TRA	863412..863471	direct	TRAJ61*01 ORF	M94081	J-REGION	15564..15623	direct	TRAJ61	NC_000014.9	22475316..22475375	direct
TRAJ60	14q11.2	forward	TRA	864402..864458	direct	TRAJ60*01 P	M94081	J-REGION	16554..16610	direct	TRAJ60	NC_000014.9	22476306..22476362	direct
TRAJ59	14q11.2	forward	TRA	864649..864702	direct	TRAJ59*01 ORF	M94081	J-REGION	16801..16854	direct	TRAJ59	NC_000014.9	22476553..22476606	direct
TRAJ58	14q11.2	forward	TRA	865803..865865	direct	TRAJ58*01 ORF	M94081	J-REGION	17954..18016	direct	TRAJ58	NC_000014.9	22477707..22477769	direct
TRAJ57	14q11.2	forward	TRA	866968..867030	direct	TRAJ57*01 F	M94081	J-REGION	19119..19181	direct	TRAJ57	NC_000014.9	22478872..22478934	direct
TRAJ56	14q11.2	forward	TRA	867617..867678	direct	TRAJ56*01 F	M94081	J-REGION	19768..19829	direct	TRAJ56	NC_000014.9	22479521..22479582	direct
TRAJ55	14q11.2	forward	TRA	869793..869849	direct	TRAJ55*01 P	M94081	J-REGION	21944..22000	direct	TRAJ55	NC_000014.9	22481697..22481753	direct
TRAJ54	14q11.2	forward	TRA	870383..870442	direct	TRAJ54*01 F	M94081	J-REGION	22534..22593	direct	TRAJ54	NC_000014.9	22482287..22482346	direct
TRAJ53	14q11.2	forward	TRA	871100..871165	direct	TRAJ53*01 F	M94081	J-REGION	23251..23316	direct	TRAJ53	NC_000014.9	22483004..22483069	direct
TRAJ52	14q11.2	forward	TRA	874324..874392	direct	TRAJ52*01 F	M94081	J-REGION	26474..26542	direct	TRAJ52	NC_000014.9	22486228..22486296	direct
TRAJ51	14q11.2	forward	TRA	875279..875341	direct	TRAJ51*01 P	M94081	J-REGION	27429..27491	direct	TRAJ51	NC_000014.9	22487183..22487245	direct
TRAJ50	14q11.2	forward	TRA	876689..876748	direct	TRAJ50*01 F	M94081	J-REGION	28839..28898	direct	TRAJ50	NC_000014.9	22488593..22488652	direct
TRAJ49	14q11.2	forward	TRA	877584..877639	direct	TRAJ49*01 F	M94081	J-REGION	29734..29789	direct	TRAJ49	NC_000014.9	22489488..22489543	direct
TRAJ48	14q11.2	forward	TRA	878587..878649	direct	TRAJ48*01 F	M94081	J-REGION	30737..30799	direct	TRAJ48	NC_000014.9	22490491..22490553	direct
TRAJ47	14q11.2	forward	TRA	880947..881003	direct	TRAJ47*01 F	M94081	J-REGION	33096..33152	direct	TRAJ47	NC_000014.9	22492851..22492907	direct
TRAJ46	14q11.2	forward	TRA	881499..881561	direct	TRAJ46*01 F	M94081	J-REGION	33647..33709	direct	TRAJ46	NC_000014.9	22493403..22493465	direct
TRAJ45	14q11.2	forward	TRA	882021..882086	direct	TRAJ45*01 F	M94081	J-REGION	34169..34234	direct	TRAJ45	NC_000014.9	22493925..22493990	direct
TRAJ44	14q11.2	forward	TRA	882917..882979	direct	TRAJ44*01 F	M35619	J-REGION	30..92	direct	TRAJ44	NC_000014.9	22494821..22494883	direct
TRAJ43	14q11.2	forward	TRA	884009..884062	direct	TRAJ43*01 F	M94081	J-REGION	36154..36207	direct	TRAJ43	NC_000014.9	22495913..22495966	direct
TRAJ42	14q11.2	forward	TRA	884983..885048	direct	TRAJ42*01 F	M94081	J-REGION	37130..37195	direct	TRAJ42	NC_000014.9	22496887..22496952	direct
TRAJ41	14q11.2	forward	TRA	885753..885814	direct	TRAJ41*01 F	M94081	J-REGION	37900..37961	direct	TRAJ41	NC_000014.9	22497657..22497718	direct
TRAJ40	14q11.2	forward	TRA	887785..887845	direct	TRAJ40*01 F	M35620	J-REGION	35..95	direct	TRAJ40	NC_000014.9	22499689..22499749	direct
TRAJ39	14q11.2	forward	TRA	889697..889759	direct	TRAJ39*01 F	M94081	J-REGION	41843..41905	direct	TRAJ39	NC_000014.9	22501601..22501663	direct
TRAJ38	14q11.2	forward	TRA	890327..890388	direct	TRAJ38*01 F	M94081	J-REGION	42473..42534	direct	TRAJ38	NC_000014.9	22502231..22502292	direct
TRAJ37	14q11.2	forward	TRA	891846..891907	direct	-	-	J-REGION	-	-	TRAJ37	NC_000014.9	22503750..22503811	direct
TRAJ36	14q11.2	forward	TRA	893206..893264	direct	TRAJ36*01 F	M94081	J-REGION	45353..45411	direct	TRAJ36	NC_000014.9	22505110..22505168	direct
TRAJ35	14q11.2	forward	TRA	894740..894798	direct	TRAJ35*01 ORF	M94081	J-REGION	46885..46943	direct	TRAJ35	NC_000014.9	22506644..22506702	direct
TRAJ34	14q11.2	forward	TRA	895762..895819	direct	TRAJ34*01 F	M35622	J-REGION	30..87	direct	TRAJ34	NC_000014.9	22507666..22507723	direct
TRAJ33	14q11.2	forward	TRA	896698..896754	direct	TRAJ33*01 F	M94081	J-REGION	48843..48899	direct	TRAJ33	NC_000014.9	22508602..22508658	direct
TRAJ32	14q11.2	forward	TRA	897437..897502	direct	-	-	J-REGION	-	-	TRAJ32	NC_000014.9	22509341..22509406	direct
TRAJ31	14q11.2	forward	TRA	899065..899120	direct	TRAJ31*01 F	M14905	J-REGION	77..132	direct	TRAJ31	NC_000014.9	22510969..22511024	direct
TRAJ30	14q11.2	forward	TRA	900948..901004	direct	TRAJ30*01 F	M94081	J-REGION	53090..53146	direct	TRAJ30	NC_000014.9	22512852..22512908	direct
TRAJ29	14q11.2	forward	TRA	902035..902094	direct	TRAJ29*01 F	M94081	J-REGION	54177..54236	direct	TRAJ29	NC_000014.9	22513939..22513998	direct
TRAJ28	14q11.2	forward	TRA	903719..903784	direct	TRAJ28*01 F	M94081	J-REGION	55857..55922	direct	TRAJ28	NC_000014.9	22515623..22515688	direct
TRAJ27	14q11.2	forward	TRA	904369..904427	direct	TRAJ27*01 F	M94081	J-REGION	56507..56565	direct	TRAJ27	NC_000014.9	22516273..22516331	direct
TRAJ26	14q11.2	forward	TRA	906542..906601	direct	TRAJ26*01 F	M94081	J-REGION	58680..58739	direct	TRAJ26	NC_000014.9	22518446..22518505	direct
TRAJ25	14q11.2	forward	TRA	906908..906967	direct	TRAJ25*01 ORF	X02888	J-REGION	35..94	direct	TRAJ25	NC_000014.9	22518812..22518871	direct
TRAJ24	14q11.2	forward	TRA	908065..908127	direct	-	-	J-REGION	-	-	TRAJ24	NC_000014.9	22519969..22520031	direct
TRAJ23	14q11.2	forward	TRA	908512..908574	direct	TRAJ23*01 F	M94081	J-REGION	60650..60712	direct	TRAJ23	NC_000014.9	22520416..22520478	direct
TRAJ22	14q11.2	forward	TRA	910136..910198	direct	TRAJ22*01 F	X02886	J-REGION	405..467	direct	TRAJ22	NC_000014.9	22522040..22522102	direct
TRAJ21	14q11.2	forward	TRA	911696..911750	direct	TRAJ21*01 F	M94081	J-REGION	63829..63883	direct	TRAJ21	NC_000014.9	22523600..22523654	direct
TRAJ20	14q11.2	forward	TRA	912421..912477	direct	TRAJ20*01 F	M94081	J-REGION	64552..64608	direct	TRAJ20	NC_000014.9	22524325..22524381	direct
TRAJ19	14q11.2	forward	TRA	913359..913418	direct	TRAJ19*01 ORF	M94081	J-REGION	65489..65548	direct	TRAJ19	NC_000014.9	22525263..22525322	direct
TRAJ18	14q11.2	forward	TRA	913746..913811	direct	TRAJ18*01 F	M94081	J-REGION	65876..65941	direct	TRAJ18	NC_000014.9	22525650..22525715	direct
TRAJ17	14q11.2	forward	TRA	914940..915002	direct	TRAJ17*01 F	X05773	J-REGION	173..235	direct	TRAJ17	NC_000014.9	22526844..22526906	direct
TRAJ16	14q11.2	forward	TRA	916623..916682	direct	-	-	J-REGION	-	-	TRAJ16	NC_000014.9	22528527..22528586	direct
TRAJ15	14q11.2	forward	TRA	917725..917784	direct	TRAJ15*01 F	X05775	J-REGION	80..139	direct	TRAJ15	NC_000014.9	22529629..22529688	direct
TRAJ14	14q11.2	forward	TRA	918423..918474	direct	TRAJ14*01 F	M94081	J-REGION	70532..70583	direct	TRAJ14	NC_000014.9	22530327..22530378	direct
TRAJ13	14q11.2	forward	TRA	919172..919234	direct	TRAJ13*02 F	AC023226	J-REGION	51292..-51354	direct	TRAJ13	NC_000014.9	22531076..22531138	direct
TRAJ12	14q11.2	forward	TRA	920035..920094	direct	TRAJ12*01 F	X02885	J-REGION	53..112	direct	TRAJ12	NC_000014.9	22531939..22531998	direct
TRAJ11	14q11.2	forward	TRA	920598..920657	direct	TRAJ11*01 F	M94081	J-REGION	72706..72765	direct	TRAJ11	NC_000014.9	22532502..22532561	direct
TRAJ10	14q11.2	forward	TRA	921593..921656	direct	TRAJ10*01 F	M94081	J-REGION	73699..73762	direct	TRAJ10	NC_000014.9	22533497..22533560	direct
TRAJ9	14q11.2	forward	TRA	923650..923710	direct	TRAJ9*01 F	M94081	J-REGION	75756..75816	direct	TRAJ9	NC_000014.9	22535554..22535614	direct
TRAJ8	14q11.2	forward	TRA	924241..924300	direct	-	-	J-REGION	-	-	TRAJ8	NC_000014.9	22536145..22536204	direct
TRAJ7	14q11.2	forward	TRA	925718..925776	direct	TRAJ7*01 F	M94081	J-REGION	77821..77879	direct	TRAJ7	NC_000014.9	22537622..22537680	direct
TRAJ6	14q11.2	forward	TRA	927169..927230	direct	TRAJ6*01 F	M16747	J-REGION	31..92	direct	TRAJ6	NC_000014.9	22539073..22539134	direct
TRAJ5	14q11.2	forward	TRA	928343..928402	direct	TRAJ5*01 F	M94081	J-REGION	80444..80503	direct	TRAJ5	NC_000014.9	22540247..22540306	direct
TRAJ4	14q11.2	forward	TRA	930295..930357	direct	TRAJ4*01 F	M94081	J-REGION	82396..82458	direct	TRAJ4	NC_000014.9	22542199..22542261	direct
TRAJ3	14q11.2	forward	TRA	931275..931336	direct	TRAJ3*01 F	X02884	J-REGION	504..565	direct	TRAJ3	NC_000014.9	22543179..22543240	direct
TRAJ2	14q11.2	forward	TRA	932167..932232	direct	TRAJ2*01 ORF	X02884	J-REGION	1397..1462	direct	TRAJ2	NC_000014.9	22544071..22544136	direct
TRAJ1	14q11.2	forward	TRA	933133..933194	direct	TRAJ1*01 ORF	X02884	J-REGION	2363..2424	direct	TRAJ1	NC_000014.9	22545037..22545098	direct
TRAC	14q11.2	forward	TRA	935602..935874	direct	TRAC*01 F	X02883	EX1	273..545	direct	TRAC	NC_000014.9	22547506..22547778	direct
TRAC	14q11.2	forward	TRA	937734..937778	direct	TRAC*01 F	X02883	EX2	2408..2452	direct	TRAC	NC_000014.9	22549638..22549682	direct
TRAC	14q11.2	forward	TRA	938653..938760	direct	TRAC*01 F	X02883	EX3	3324..3431	direct	TRAC	NC_000014.9	22550557..22550664	direct
TRAC	14q11.2	forward	TRA	939701..940228	direct	TRAC*01 F	-	EX4	-	-	TRAC	NC_000014.9	22551605..22552132	direct
														
###############														
###############														
###############														
###############														
###############														
###############														
														
														
														
														
														
														
TRBV2	7q34	forward	TRB	11987..12460	direct	TRBV2*01 F	-	L-V-GENE-UNIT	-	-	TRBV2	NC_000007.14	142300998..142301471	direct
TRBV2	7q34	forward	TRB	12132..12421	direct	TRBV2*01 F	L36092	V-REGION	93697..93986	direct	TRBV2	NC_000007.14	142301143..142301432	direct
TRBV3-1	7q34	forward	TRB	19578..20076	direct	TRBV3-1*01 F	-	L-V-GENE-UNIT	-	-	TRBV3-1	NC_000007.14	142308589..142309087	direct
TRBV3-1	7q34	forward	TRB	19751..20037	direct	TRBV3-1*01 F	U07977	V-REGION	5648..5934	direct	TRBV3-1	NC_000007.14	142308762..142309048	direct
TRBV4-1	7q34	forward	TRB	24202..24694	direct	TRBV4-1*01 F	-	L-V-GENE-UNIT	-	-	TRBV4-1	NC_000007.14	142313213..142313705	direct
TRBV4-1	7q34	forward	TRB	24369..24655	direct	TRBV4-1*01 F	U07977	V-REGION	10268..10554	direct	TRBV4-1	NC_000007.14	142313380..142313666	direct
TRBV5-1	7q34	forward	TRB	32064..32572	direct	TRBV5-1*01 F	-	L-V-GENE-UNIT	-	-	TRBV5-1	NC_000007.14	142321075..142321583	direct
TRBV5-1	7q34	forward	TRB	32248..32533	direct	TRBV5-1*01 F	L36092	V-REGION	113806..114091	direct	TRBV5-1	NC_000007.14	142321259..142321544	direct
TRBV6-1	7q34	forward	TRB	39343..39814	direct	TRBV6-1*01 F	-	L-V-GENE-UNIT	-	-	TRBV6-1	NC_000007.14	142328354..142328825	direct
TRBV6-1	7q34	forward	TRB	39489..39775	direct	TRBV6-1*01 F	X61446	V-REGION	412..698	direct	TRBV6-1	NC_000007.14	142328500..142328786	direct
TRBV4-2	7q34	forward	TRB	56521..57013	direct	TRBV4-2*01 F	-	L-V-GENE-UNIT	-	-	TRBV4-2	NC_000007.14	142345532..142346024	direct
TRBV4-2	7q34	forward	TRB	56688..56974	direct	TRBV4-2*01 F	U07975	V-REGION	477..763	direct	TRBV4-2	NC_000007.14	142345699..142345985	direct
TRBV6-2	7q34	forward	TRB	60221..60692	direct	TRBV6-2*01 F	-	L-V-GENE-UNIT	-	-	TRBV6-2	NC_000007.14	142349232..142349703	direct
TRBV6-2	7q34	forward	TRB	60367..60653	direct	TRBV6-2*01 F	X61445	V-REGION	412..698	direct	TRBV6-2	NC_000007.14	142349378..142349664	direct
TRBV7-2	7q34	forward	TRB	63855..64386	direct	TRBV7-2*01 F	-	L-V-GENE-UNIT	-	-	TRBV7-2	NC_000007.14	142352866..142353397	direct
TRBV7-2	7q34	forward	TRB	64058..64347	direct	TRBV7-2*01 F	X61442	V-REGION	545..834	direct	TRBV7-2	NC_000007.14	142353069..142353358	direct
TRBV6-4	7q34	forward	TRB	91816..92289	direct	TRBV6-4*02 F	-	L-V-GENE-UNIT	-	-	TRBV6-4	NC_000007.14	142380827..142381300	direct
TRBV6-4	7q34	forward	TRB	91964..92250	direct	TRBV6-4*02 F	AF009660	V-REGION	35797..36083	direct	TRBV6-4	NC_000007.14	142380975..142381261	direct
TRBV7-3	7q34	forward	TRB	95368..95869	direct	TRBV7-3*03 ORF	-	L-V-GENE-UNIT	-	-	TRBV7-3	NC_000007.14	142384379..142384880	direct
TRBV7-3	7q34	forward	TRB	95541..95830	direct	TRBV7-3*03 ORF	AF009660	V-REGION	39374..39663	direct	TRBV7-3	NC_000007.14	142384552..142384841	direct
TRBV9	7q34	forward	TRB	102927..103440	direct	TRBV9*02 F	-	L-V-GENE-UNIT	-	-	TRBV9	NC_000007.14	142391938..142392451	direct
TRBV9	7q34	forward	TRB	103116..103401	direct	TRBV9*02 F	AF009660	V-REGION	46949..47234	direct	TRBV9	NC_000007.14	142392127..142392412	direct
TRBV10-1	7q34	forward	TRB	110917..111405	direct	TRBV10-1*02 F	-	L-V-GENE-UNIT	-	-	TRBV10-1	NC_000007.14	142399928..142400416	direct
TRBV10-1	7q34	forward	TRB	111080..111366	direct	TRBV10-1*02 F	AF009660	V-REGION	54913..55199	direct	TRBV10-1	NC_000007.14	142400091..142400377	direct
TRBV11-1	7q34	forward	TRB	118678..119163	direct	TRBV11-1*01 F	-	L-V-GENE-UNIT	-	-	TRBV11-1	NC_000007.14	142407689..142408174	direct
TRBV11-1	7q34	forward	TRB	118836..119125	direct	TRBV11-1*01 F	M33233	V-REGION	747..1036	direct	TRBV11-1	NC_000007.14	142407847..142408136	direct
TRBV10-2	7q34	forward	TRB	136005..136493	direct	-	-	L-V-GENE-UNIT	-	-	TRBV10-2	NC_000007.14	142425016..142425504	direct
TRBV10-2	7q34	forward	TRB	136168..136454	direct	-	-	V-REGION	-	-	TRBV10-2	NC_000007.14	142425179..142425465	direct
TRBV11-2	7q34	forward	TRB	144945..145422	direct	-	-	L-V-GENE-UNIT	-	-	TRBV11-2	NC_000007.14	142433956..142434433	direct
TRBV11-2	7q34	forward	TRB	145094..145383	direct	-	-	V-REGION	-	-	TRBV11-2	NC_000007.14	142434105..142434394	direct
TRBV6-5	7q34	forward	TRB	162002..162476	direct	TRBV6-5*01 F	-	L-V-GENE-UNIT	-	-	TRBV6-5	NC_000007.14	142451013..142451487	direct
TRBV6-5	7q34	forward	TRB	162151..162437	direct	TRBV6-5*01 F	L36092	V-REGION	265870..266156	direct	TRBV6-5	NC_000007.14	142451162..142451448	direct
TRBV7-4	7q34	forward	TRB	166163..166663	direct	TRBV7-4*01 F	-	L-V-GENE-UNIT	-	-	TRBV7-4	NC_000007.14	142455174..142455674	direct
TRBV7-4	7q34	forward	TRB	166335..166624	direct	TRBV7-4*01 F	L36092	V-REGION	270051..270340	direct	TRBV7-4	NC_000007.14	142455346..142455635	direct
TRBV5-4	7q34	forward	TRB	174106..174609	direct	TRBV5-4*01 F	-	L-V-GENE-UNIT	-	-	TRBV5-4	NC_000007.14	142463117..142463620	direct
TRBV5-4	7q34	forward	TRB	174285..174570	direct	TRBV5-4*01 F	L36092	V-REGION	278005..278290	direct	TRBV5-4	NC_000007.14	142463296..142463581	direct
TRBV6-6	7q34	forward	TRB	180570..181041	direct	TRBV6-6*02 F	-	L-V-GENE-UNIT	-	-	TRBV6-6	NC_000007.14	142469581..142470052	direct
TRBV6-6	7q34	forward	TRB	180716..181002	direct	TRBV6-6*02 F	AF009662	V-REGION	24864..25150	direct	TRBV6-6	NC_000007.14	142469727..142470013	direct
TRBV5-5	7q34	forward	TRB	193544..194047	direct	TRBV5-5*01 F	-	L-V-GENE-UNIT	-	-	TRBV5-5	NC_000007.14	142482555..142483058	direct
TRBV5-5	7q34	forward	TRB	193723..194008	direct	TRBV5-5*01 F	L36092	V-REGION	297450..297735	direct	TRBV5-5	NC_000007.14	142482734..142483019	direct
TRBV7-6	7q34	forward	TRB	203166..203701	direct	TRBV7-6*01 F	-	L-V-GENE-UNIT	-	-	TRBV7-6	NC_000007.14	142492177..142492712	direct
TRBV7-6	7q34	forward	TRB	203373..203662	direct	TRBV7-6*01 F	L36092	V-REGION	307097..307386	direct	TRBV7-6	NC_000007.14	142492384..142492673	direct
TRBV5-6	7q34	forward	TRB	211058..211562	direct	TRBV5-6*01 F	-	L-V-GENE-UNIT	-	-	TRBV5-6	NC_000007.14	142500069..142500573	direct
TRBV5-6	7q34	forward	TRB	211238..211523	direct	TRBV5-6*01 F	L36092	V-REGION	314963..315248	direct	TRBV5-6	NC_000007.14	142500249..142500534	direct
TRBV6-8	7q34	forward	TRB	218371..218838	direct	TRBV6-8*01 F	-	L-V-GENE-UNIT	-	-	TRBV6-8	NC_000007.14	142507382..142507849	direct
TRBV6-8	7q34	forward	TRB	218516..218799	direct	TRBV6-8*01 F	L36092	V-REGION	322240..322523	direct	TRBV6-8	NC_000007.14	142507527..142507810	direct
TRBV7-7	7q34	forward	TRB	222615..223155	direct	TRBV7-7*01 F	-	L-V-GENE-UNIT	-	-	TRBV7-7	NC_000007.14	142511626..142512166	direct
TRBV7-7	7q34	forward	TRB	222827..223116	direct	TRBV7-7*01 F	L36092	V-REGION	326549..326838	direct	TRBV7-7	NC_000007.14	142511838..142512127	direct
TRBV7-9	7q34	forward	TRB	240279..240790	direct	TRBV7-9*01 F	-	L-V-GENE-UNIT	-	-	TRBV7-9	NC_000007.14	142529290..142529801	direct
TRBV7-9	7q34	forward	TRB	240462..240751	direct	TRBV7-9*01 F	L36092	V-REGION	364320..364609	direct	TRBV7-9	NC_000007.14	142529473..142529762	direct
TRBV13	7q34	forward	TRB	246798..247320	direct	TRBV13*01 F	-	L-V-GENE-UNIT	-	-	TRBV13	NC_000007.14	142535809..142536331	direct
TRBV13	7q34	forward	TRB	246995..247281	direct	TRBV13*01 F	U03115	V-REGION	6502..6788	direct	TRBV13	NC_000007.14	142536006..142536292	direct
TRBV10-3	7q34	forward	TRB	255225..255714	direct	TRBV10-3*01 F	-	L-V-GENE-UNIT	-	-	TRBV10-3	NC_000007.14	142544236..142544725	direct
TRBV10-3	7q34	forward	TRB	255388..255674	direct	TRBV10-3*01 F	U03115	V-REGION	14880..15166	direct	TRBV10-3	NC_000007.14	142544399..142544685	direct
TRBV11-3	7q34	forward	TRB	265870..266346	direct	TRBV11-3*01 F	-	L-V-GENE-UNIT	-	-	TRBV11-3	NC_000007.14	142554881..142555357	direct
TRBV11-3	7q34	forward	TRB	266018..266307	direct	TRBV11-3*01 F	U03115	V-REGION	25513..25802	direct	TRBV11-3	NC_000007.14	142555029..142555318	direct
TRBV12-3	7q34	forward	TRB	271474..271959	direct	TRBV12-3*01 F	-	L-V-GENE-UNIT	-	-	TRBV12-3	NC_000007.14	142560485..142560970	direct
TRBV12-3	7q34	forward	TRB	271631..271920	direct	TRBV12-3*01 F	X07192	V-REGION	426..715	direct	TRBV12-3	NC_000007.14	142560642..142560931	direct
TRBV12-4	7q34	forward	TRB	274788..275273	direct	TRBV12-4*01 F	-	L-V-GENE-UNIT	-	-	TRBV12-4	NC_000007.14	142563799..142564284	direct
TRBV12-4	7q34	forward	TRB	274945..275234	direct	TRBV12-4*01 F	K02546	V-REGION	158..447	direct	TRBV12-4	NC_000007.14	142563956..142564245	direct
TRBV12-5	7q34	forward	TRB	291970..292455	direct	TRBV12-5*01 F	-	L-V-GENE-UNIT	-	-	TRBV12-5	NC_000007.14	142580981..142581466	direct
TRBV12-5	7q34	forward	TRB	292127..292416	direct	TRBV12-5*01 F	X07223	V-REGION	392..681	direct	TRBV12-5	NC_000007.14	142581138..142581427	direct
TRBV14	7q34	forward	TRB	298916..299387	direct	TRBV14*01 F	-	L-V-GENE-UNIT	-	-	TRBV14	NC_000007.14	142587927..142588398	direct
TRBV14	7q34	forward	TRB	299059..299348	direct	TRBV14*01 F	X06154	V-REGION	283..572	direct	TRBV14	NC_000007.14	142588070..142588359	direct
TRBV15	7q34	forward	TRB	303994..304501	direct	-	-	L-V-GENE-UNIT	-	-	TRBV15	NC_000007.14	142593005..142593512	direct
TRBV15	7q34	forward	TRB	304176..304462	direct	-	-	V-REGION	-	-	TRBV15	NC_000007.14	142593187..142593473	direct
TRBV16	7q34	forward	TRB	309005..309497	direct	TRBV16*01 F	-	L-V-GENE-UNIT	-	-	TRBV16	NC_000007.14	142598016..142598508	direct
TRBV16	7q34	forward	TRB	309169..309458	direct	TRBV16*01 F	L26231	V-REGION	419..708	direct	TRBV16	NC_000007.14	142598180..142598469	direct
TRBV18	7q34	forward	TRB	326786..327443	direct	TRBV18*01 F	-	L-V-GENE-UNIT	-	-	TRBV18	NC_000007.14	142615797..142616454	direct
TRBV18	7q34	forward	TRB	327115..327404	direct	TRBV18*01 F	L36092	V-REGION	450875..451164	direct	TRBV18	NC_000007.14	142616126..142616415	direct
TRBV19	7q34	forward	TRB	330046..330560	direct	TRBV19*01 F	-	L-V-GENE-UNIT	-	-	TRBV19	NC_000007.14	142619057..142619571	direct
TRBV19	7q34	forward	TRB	330235..330521	direct	TRBV19*01 F	L36092	V-REGION	453995..454281	direct	TRBV19	NC_000007.14	142619246..142619532	direct
TRBV20-1	7q34	forward	TRB	337716..338427	direct	TRBV20-1*01 F	-	L-V-GENE-UNIT	-	-	TRBV20-1	NC_000007.14	142626727..142627438	direct
TRBV20-1	7q34	forward	TRB	338096..338388	direct	TRBV20-1*01 F	M11955	V-REGION	427..719	direct	TRBV20-1	NC_000007.14	142627107..142627399	direct
TRBV24-1	7q34	forward	TRB	367726..368241	direct	-	-	L-V-GENE-UNIT	-	-	TRBV24-1	NC_000007.14	142656737..142657252	direct
TRBV24-1	7q34	forward	TRB	367915..368202	direct	-	-	V-REGION	-	-	TRBV24-1	NC_000007.14	142656926..142657213	direct
TRBV25-1	7q34	forward	TRB	381766..382272	direct	TRBV25-1*01 F	-	L-V-GENE-UNIT	-	-	TRBV25-1	NC_000007.14	142670777..142671283	direct
TRBV25-1	7q34	forward	TRB	381947..382233	direct	TRBV25-1*01 F	L36092	V-REGION	504596..504882	direct	TRBV25-1	NC_000007.14	142670958..142671244	direct
TRBVA	7q34	forward	TRB	392404..392897	direct	-	-	L-V-GENE-UNIT	-	-	TRBVA	NC_000007.14	142681415..142681908	direct
TRBVA	7q34	forward	TRB	392597..392858	direct	-	-	V-REGION	-	-	TRBVA	NC_000007.14	142681608..142681869	direct
TRBVB	7q34	forward	TRB	422373..422920	direct	-	-	L-V-GENE-UNIT	-	-	TRBVB	NC_000007.14	142711384..142711931	direct
TRBVB	7q34	forward	TRB	422562..422913	direct	-	-	V-REGION	-	-	TRBVB	NC_000007.14	142711573..142711924	direct
TRBV27	7q34	forward	TRB	426378..426889	direct	TRBV27*01 F	-	L-V-GENE-UNIT	-	-	TRBV27	NC_000007.14	142715389..142715900	direct
TRBV27	7q34	forward	TRB	426564..426850	direct	TRBV27*01 F	L36092	V-REGION	549224..549510	direct	TRBV27	NC_000007.14	142715575..142715861	direct
TRBVC	7q34	forward	TRB	427901..427989	direct	TRBVC*01 P	L36092	V-REGION	550560..-550648	direct	TRBVC	NC_000007.14	142716912..142717000	direct
TRBV28	7q34	forward	TRB	431669..432188	direct	TRBV28*01 F	-	L-V-GENE-UNIT	-	-	TRBV28	NC_000007.14	142720680..142721199	direct
TRBV28	7q34	forward	TRB	431863..432149	direct	TRBV28*01 F	U08314	V-REGION	408..694	direct	TRBV28	NC_000007.14	142720874..142721160	direct
TRBV29-1	7q34	forward	TRB	451262..451922	direct	TRBV29-1*01 F	-	L-V-GENE-UNIT	-	-	TRBV29-1	NC_000007.14	142740273..142740933	direct
TRBV29-1	7q34	forward	TRB	451594..451883	direct	TRBV29-1*01 F	L36092	V-REGION	574270..574559	direct	TRBV29-1	NC_000007.14	142740605..142740894	direct
TRBD1	7q34	forward	TRB	497202..497213	direct	TRBD1*01 F	K02545	D-REGION	82..93	direct	TRBD1	NC_000007.14	142786213..142786224	direct
TRBJ1-1	7q34	forward	TRB	497869..497916	direct	TRBJ1-1*01 F	K02545	J-REGION	749..796	direct	TRBJ1-1	NC_000007.14	142786880..142786927	direct
TRBJ1-2	7q34	forward	TRB	498006..498053	direct	TRBJ1-2*01 F	K02545	J-REGION	886..933	direct	TRBJ1-2	NC_000007.14	142787017..142787064	direct
TRBJ1-3	7q34	forward	TRB	498619..498668	direct	TRBJ1-3*01 F	M14158	J-REGION	1499..1548	direct	TRBJ1-3	NC_000007.14	142787630..142787679	direct
TRBJ1-4	7q34	forward	TRB	499214..499264	direct	TRBJ1-4*01 F	M14158	J-REGION	2095..2145	direct	TRBJ1-4	NC_000007.14	142788225..142788275	direct
TRBJ1-5	7q34	forward	TRB	499487..499536	direct	TRBJ1-5*01 F	M14158	J-REGION	2368..2417	direct	TRBJ1-5	NC_000007.14	142788498..142788547	direct
TRBJ1-6	7q34	forward	TRB	499977..500029	direct	TRBJ1-6*01 F	M14158	J-REGION	2859..2911	direct	TRBJ1-6	NC_000007.14	142788988..142789040	direct
TRBC1	7q34	forward	TRB	502683..503069	direct	-	-	EX1	-	-	TRBC1	NC_000007.14	142791694..142792080	direct
TRBC1	7q34	forward	TRB	503511..503528	direct	-	-	EX2	-	-	TRBC1	NC_000007.14	142792522..142792539	direct
TRBC1	7q34	forward	TRB	503680..503787	direct	-	-	EX3	-	-	TRBC1	NC_000007.14	142792691..142792798	direct
TRBC1	7q34	forward	TRB	504110..504127	direct	-	-	EX4	-	-	TRBC1	NC_000007.14	142793121..142793138	direct
TRBD2	7q34	forward	TRB	506694..506709	direct	TRBD2*02 F	M14159	D-REGION	569..584	direct	TRBD2	NC_000007.14	142795705..142795720	direct
TRBJ2-1	7q34	forward	TRB	507354..507403	direct	TRBJ2-1*01 F	X02987	J-REGION	800..849	direct	TRBJ2-1	NC_000007.14	142796365..142796414	direct
TRBJ2-2	7q34	forward	TRB	507549..507599	direct	TRBJ2-2*01 F	X02987	J-REGION	995..1045	direct	TRBJ2-2	NC_000007.14	142796560..142796610	direct
TRBJ2-3	7q34	forward	TRB	507836..507884	direct	TRBJ2-3*01 F	X02987	J-REGION	1282..1330	direct	TRBJ2-3	NC_000007.14	142796847..142796895	direct
TRBJ2-4	7q34	forward	TRB	507987..508036	direct	TRBJ2-4*01 F	X02987	J-REGION	1432..1481	direct	TRBJ2-4	NC_000007.14	142796998..142797047	direct
TRBJ2-5	7q34	forward	TRB	508108..508155	direct	TRBJ2-5*01 F	X02987	J-REGION	1553..1600	direct	TRBJ2-5	NC_000007.14	142797119..142797166	direct
TRBJ2-6	7q34	forward	TRB	508228..508280	direct	TRBJ2-6*01 F	X02987	J-REGION	1673..1725	direct	TRBJ2-6	NC_000007.14	142797239..142797291	direct
TRBJ2-7	7q34	forward	TRB	508445..508491	direct	TRBJ2-7*01 F	M14159	J-REGION	2316..2362	direct	TRBJ2-7	NC_000007.14	142797456..142797502	direct
TRBC2	7q34	forward	TRB	512029..512415	direct	-	-	EX1	-	-	TRBC2	NC_000007.14	142801040..142801426	direct
TRBC2	7q34	forward	TRB	512932..512949	direct	-	-	EX2	-	-	TRBC2	NC_000007.14	142801943..142801960	direct
TRBC2	7q34	forward	TRB	513093..513200	direct	-	-	EX3	-	-	TRBC2	NC_000007.14	142802104..142802211	direct
TRBC2	7q34	forward	TRB	513492..513515	direct	-	-	EX4	-	-	TRBC2	NC_000007.14	142802503..142802526	direct
TRBV30	7q34	reverse	TRB	523536..524276	opposite	TRBV30*01 F	-	L-V-GENE-UNIT	-	-	TRBV30	NC_000007.14	142812547..142813287	opposite
TRBV30	7q34	reverse	TRB	523575..523858	opposite	TRBV30*01 F	L36092	V-REGION	666640..-666923	direct	TRBV30	NC_000007.14	142812586..142812869	opposite
														
														
														
###############														
###############														
###############														
###############														
###############														
###############														
														
														
TRGV3	7p14	reverse	TRG	19076..19582	direct	TRGV3*01 F	-	L-V-GENE-UNIT	-	-	TRGV3	NC_000007.14	38358473..38358979	opposite
TRGV3	7p14	reverse	TRG	19244..19543	direct	TRGV3*01 F	M13430	V-REGION	169..468	direct	TRGV3	NC_000007.14	38358512..38358811	opposite
TRGV4	7p14	reverse	TRG	23872..24379	direct	TRGV4*02 F	-	L-V-GENE-UNIT	-	-	TRGV4	NC_000007.14	38353676..38354183	opposite
TRGV4	7p14	reverse	TRG	24041..24340	direct	TRGV4*02 F	X13354	V-REGION	170..469	direct	TRGV4	NC_000007.14	38353715..38354014	opposite
TRGV5	7p14	reverse	TRG	28231..28739	direct	TRGV5*01 F	-	L-V-GENE-UNIT	-	-	TRGV5	NC_000007.14	38349316..38349824	opposite
TRGV5	7p14	reverse	TRG	28401..28700	direct	TRGV5*01 F	X13355	V-REGION	171..470	direct	TRGV5	NC_000007.14	38349355..38349654	opposite
TRGV9	7p14	reverse	TRG	60563..61077	direct	TRGV9*01 F	-	L-V-GENE-UNIT	-	-	TRGV9	NC_000007.14	38316978..38317492	opposite
TRGV9	7p14	reverse	TRG	60733..61038	direct	TRGV9*01 F	X07205	V-REGION	178..483	direct	TRGV9	NC_000007.14	38317017..38317322	opposite
TRGJ1	7p14	reverse	TRG	108518..108564	direct	TRGJ1*02 (F)	M12957	J-REGION	23..69	direct	TRGJ1	NC_000007.14	38269491..38269537	opposite
#TRGC1	7p14	reverse	TRG	112377..112706	direct	TRGC1*01 F	M14996	EX1	41..370	direct	TRGC1	NC_000007.14	38265349..38265678	opposite
TRGC1	7p14	reverse	TRG	115837..115884	direct	TRGC1*01 F	M14997	EX2	25..72	direct	TRGC1	NC_000007.14	38262171..38262218	opposite
TRGC1	7p14	reverse	TRG	117825..117964	direct	TRGC1*01 F	M14998	EX3	174..313	direct	TRGC1	NC_000007.14	38260091..38260230	opposite
TRGJ2	7p14	reverse	TRG	124626..124675	direct	TRGJ2*01 F	M12961	J-REGION	157..206	direct	TRGJ2	NC_000007.14	38253380..38253429	opposite
#TRGC2	7p14	reverse	TRG	128483..128812	direct	TRGC2*02 F	M15001	EX1	1..330	direct	TRGC2	NC_000007.14	38249243..38249572	opposite
TRGC2	7p14	reverse	TRG	135580..135627	direct	TRGC2*02 F	M15005	EX2	6..53	direct	TRGC2	NC_000007.14	38242428..38242475	opposite
TRGC2	7p14	reverse	TRG	137889..138028	direct	TRGC2*02 F	M15007	EX3	2..141	direct	TRGC2	NC_000007.14	38240027..38240166	opposite
														
														
														
														
														
###############														
###############														
###############														
###############														
###############														
###############														
														
TRDV1	14q11.2	forward	TRD	181912..182520	direct	TRDV1*01 F	-	L-V-GENE-UNIT	-	-	TRDV1	NC_000014.9	22096050..22096658	direct
TRDV1	14q11.2	forward	TRD	182195..182481	direct	TRDV1*01 F	M22198	V-REGION	363..649	direct	TRDV1	NC_000014.9	22096333..22096619	direct
TRDV2	14q11.2	forward	TRD	508408..508943	direct	TRDV2*03 F	-	L-V-GENE-UNIT	-	-	TRDV2	NC_000014.9	22422546..22423081	direct
TRDV2	14q11.2	forward	TRD	508617..508904	direct	TRDV2*03 F	AE000661	V-REGION	176712..176999	direct	TRDV2	NC_000014.9	22422755..22423042	direct
TRDJ1	14q11.2	forward	TRD	535951..536001	direct	TRDJ1*01 F	M20289	J-REGION	51..101	direct	TRDJ1	NC_000014.9	22450089..22450139	direct
TRDJ4	14q11.2	forward	TRD	541111..541158	direct	TRDJ4*01 F	AJ249814	J-REGION	1..48	direct	TRDJ4	NC_000014.9	22455249..22455296	direct
TRDJ2	14q11.2	forward	TRD	542551..542604	direct	TRDJ2*01 F	L36386	J-REGION	39..92	direct	TRDJ2	NC_000014.9	22456689..22456742	direct
TRDJ3	14q11.2	forward	TRD	544960..545018	direct	TRDJ3*01 F	M21508	J-REGION	735..793	direct	TRDJ3	NC_000014.9	22459098..22459156	direct
TRDC	14q11.2	forward	TRD	548794..549072	direct	TRDC*01 F	M22148	EX1	128..406	direct	TRDC	NC_000014.9	22462932..22463210	direct
TRDC	14q11.2	forward	TRD	549636..549701	direct	TRDC*01 F	M22149	EX2	22..87	direct	TRDC	NC_000014.9	22463774..22463839	direct
TRDC	14q11.2	forward	TRD	550066..550185	direct	TRDC*01 F	M22150	EX3	22..141	direct	TRDC	NC_000014.9	22464204..22464323	direct
TRDC	14q11.2	forward	TRD	551395..552439	direct	TRDC*01 F	-	EX4	-	-	TRDC	NC_000014.9	22465533..22466577	direct
TRDV3	14q11.2	reverse	TRD	554865..555476	opposite	TRDV3*01 F	-	L-V-GENE-UNIT	-	-	TRDV3	NC_000014.9	22469003..22469614	opposite
TRDV3	14q11.2	reverse	TRD	554903..555192	opposite	TRDV3*01 F	M23326	V-REGION	303..592	direct	TRDV3	NC_000014.9	22469041..22469330	opposite
														
														
														
														
														
														
														
														
############ HAND CURATED: ###############														
# These were not defined by IMGT														
TRDD1	14q11.2	forward	TRD		direct	TRDD1*01 F	-	D-REGION	-	-	TRDD1	NC_000014.9	22438547..22438554	direct
TRDD2	14q11.2	forward	TRD		direct	TRDD2*01 F	-	D-REGION	-	-	TRDD2	NC_000014.9	22439007..22439015	direct
TRDD3	14q11.2	forward	TRD		direct	TRDD3*01 F	-	D-REGION	-	-	TRDD3	NC_000014.9	22449113..22449125	direct
														
# Coordinates listed in IMGT were off by one														
TRGC2	7p14	reverse	TRG	128483..128812	direct	TRGC2*02 F	M15001	EX1	1..330	direct	TRGC2	NC_000007.14	38249244..38249573	opposite
TRGC1	7p14	reverse	TRG	112377..112706	direct	TRGC1*01 F	M14996	EX1	41..370	direct	TRGC1	NC_000007.14	38265350..38265679	opposite
														
# No corresponding L-V-GENE-UNIT entry in IMGT														
#TRAV24	14q11.2	forward	TRA	493666..493942	direct	TRAV24*01 F	AE000660	V-REGION	109879..110155	direct	TRAV24	NC_000014.9	22105570..22105846	direct
#TRAV15	14q11.2	forward	TRA	338468..338750	direct	TRAV15*01 (P)	AE000659	V-REGION	205768..206050	direct	TRAV15	NC_000014.9	21950372..21950654	direct
#TRBV8-1	7q34	forward	TRB	69628..69906	direct	-	-	V-REGION	-	-	TRBV8-1	NC_000007.14	142358639..142358917	direct
#TRBV5-2	7q34	forward	TRB	83628..83901	direct	TRBV5-2*01 P	L36092	V-REGION	187332..187605	direct	TRBV5-2	NC_000007.14	142372639..142372912	direct
														
														
														
														
														
														
# No L-PART1+L-PART2 data for these regions on IMGT														
#TRBV8-2	7q34	forward	TRB	97176..97675	direct	-	-	L-V-GENE-UNIT	-	-	TRBV8-2	NC_000007.14	142386187..142386686	direct
#TRBV8-2	7q34	forward	TRB	97366..97636	direct	-	-	V-REGION	-	-	TRBV8-2	NC_000007.14	142386377..142386647	direct
#TRGV1	7p14	reverse	TRG	10000..10494	direct	TRGV1*01 ORF	-	L-V-GENE-UNIT	-	-	TRGV1	NC_000007.14	38367561..38368055	opposite
#TRGV1	7p14	reverse	TRG	10173..10469	direct	TRGV1*01 ORF	M12949	V-REGION	174..470	direct	TRGV1	NC_000007.14	38367586..38367882	opposite
#TRGV2	7p14	reverse	TRG	14727..15230	direct	-	-	L-V-GENE-UNIT	-	-	TRGV2	NC_000007.14	38362825..38363328	opposite
#TRGV2	7p14	reverse	TRG	14892..15191	direct	-	-	V-REGION	-	-	TRGV2	NC_000007.14	38362864..38363163	opposite
#TRGV11	7p14	reverse	TRG	85977..86478	direct	TRGV11*01 ORF	-	L-V-GENE-UNIT	-	-	TRGV11	NC_000007.14	38291577..38292078	opposite
#TRGV11	7p14	reverse	TRG	86131..86439	direct	TRGV11*01 ORF	Y11227	V-REGION	155..463	direct	TRGV11	NC_000007.14	38291616..38291924	opposite
#TRBV1	7q34	forward	TRB	10000..10488	direct	TRBV1*01 P	-	L-V-GENE-UNIT	-	-	TRBV1	NC_000007.14	142299011..142299499	direct
#TRBV1	7q34	forward	TRB	10166..10449	direct	TRBV1*01 P	L36092	V-REGION	91723..92006	direct	TRBV1	NC_000007.14	142299177..142299460	direct
#TRBV12-2	7q34	forward	TRB	151872..152353	direct	TRBV12-2*01 P	-	L-V-GENE-UNIT	-	-	TRBV12-2	NC_000007.14	142440883..142441364	direct
#TRBV12-2	7q34	forward	TRB	152025..152314	direct	TRBV12-2*01 P	X06936	V-REGION	388..677	direct	TRBV12-2	NC_000007.14	142441036..142441325	direct
#TRAV37	14q11.2	forward	TRA	653845..654398	direct	TRAV37*01 P	-	L-V-GENE-UNIT	-	-	TRAV37	NC_000014.9	22265749..22266302	direct
#TRAV37	14q11.2	forward	TRA	654082..654360	direct	TRAV37*01 P	AE000661	V-REGION	18835..19113	direct	TRAV37	NC_000014.9	22265986..22266264	direct
#TRAV31	14q11.2	forward	TRA	565369..565999	direct	-	-	L-V-GENE-UNIT	-	-	TRAV31	NC_000014.9	22177273..22177903	direct
#TRAV31	14q11.2	forward	TRA	565675..565960	direct	-	-	V-REGION	-	-	TRAV31	NC_000014.9	22177579..22177864	direct
#TRAV8-7	14q11.2	forward	TRA	520649..521169	direct	-	-	L-V-GENE-UNIT	-	-	TRAV8-7	NC_000014.9	22132553..22133073	direct
#TRAV8-7	14q11.2	forward	TRA	520841..521130	direct	-	-	V-REGION	-	-	TRAV8-7	NC_000014.9	22132745..22133034	direct
#TRBV22-1	7q34	forward	TRB	352735..353224	direct	TRBV22-1*01 P	-	L-V-GENE-UNIT	-	-	TRBV22-1	NC_000007.14	142641746..142642235	direct
#TRBV22-1	7q34	forward	TRB	352898..353185	direct	TRBV22-1*01 P	L36092	V-REGION	476643..476930	direct	TRBV22-1	NC_000007.14	142641909..142642196	direct
#TRBV26	7q34	forward	TRB	406688..407211	direct	TRBV26*01 P	-	L-V-GENE-UNIT	-	-	TRBV26	NC_000007.14	142695699..142696222	direct
#TRBV26	7q34	forward	TRB	406886..407172	direct	TRBV26*01 P	L36092	V-REGION	529534..529820	direct	TRBV26	NC_000007.14	142695897..142696183	direct
#TRBV23-1	7q34	forward	TRB	356950..357495	direct	TRBV23-1*01 ORF	-	L-V-GENE-UNIT	-	-	TRBV23-1	NC_000007.14	142645961..142646506	direct
#TRBV23-1	7q34	forward	TRB	357167..357456	direct	TRBV23-1*01 ORF	L36092	V-REGION	480906..481195	direct	TRBV23-1	NC_000007.14	142646178..142646467	direct
#TRAV11	14q11.2	forward	TRA	217635..218206	direct	TRAV11*01 P	-	L-V-GENE-UNIT	-	-	TRAV11	NC_000014.9	21829539..21830110	direct
#TRAV11	14q11.2	forward	TRA	217891..218167	direct	TRAV11*01 P	AE000659	V-REGION	85121..85397	direct	TRAV11	NC_000014.9	21829795..21830071	direct
#TRGV6	7p14	reverse	TRG	36884..37394	direct	TRGV6*01 P	-	L-V-GENE-UNIT	-	-	TRGV6	NC_000007.14	38340661..38341171	opposite
#TRGV6	7p14	reverse	TRG	37057..37355	direct	TRGV6*01 P	M13432	V-REGION	174..472	direct	TRGV6	NC_000007.14	38340700..38340998	opposite
#TRGV7	7p14	reverse	TRG	42716..43014	direct	TRGV7*01 P	M13433	V-REGION	72..370	direct	TRGV7	NC_000007.14	38335041..38335339	opposite
#TRGV8	7p14	reverse	TRG	47234..47751	direct	TRGV8*01 F	-	L-V-GENE-UNIT	-	-	TRGV8	NC_000007.14	38330304..38330821	opposite
#TRGV8	7p14	reverse	TRG	47413..47712	direct	TRGV8*01 F	M13434	V-REGION	180..479	direct	TRGV8	NC_000007.14	38330343..38330642	opposite
#TRGV10	7p14	reverse	TRG	77775..78284	direct	TRGV10*01 ORF	-	L-V-GENE-UNIT	-	-	TRGV10	NC_000007.14	38299771..38300280	opposite
#TRGV10	7p14	reverse	TRG	77937..78239	direct	TRGV10*01 ORF	X07206	V-REGION	164..474	direct	TRGV10	NC_000007.14	38299816..38300118	opposite
#TRBV21-1	7q34	forward	TRB	347913..348412	direct	-	-	L-V-GENE-UNIT	-	-	TRBV21-1	NC_000007.14	142636924..142637423	direct
#TRBV21-1	7q34	forward	TRB	348084..348373	direct	-	-	V-REGION	-	-	TRBV21-1	NC_000007.14	142637095..142637384	direct
#TRAV33	14q11.2	forward	TRA	578254..578848	direct	TRAV33*01 P	-	L-V-GENE-UNIT	-	-	TRAV33	NC_000014.9	22190158..22190752	direct
#TRAV33	14q11.2	forward	TRA	578532..578809	direct	TRAV33*01 P	AE000660	V-REGION	194362..194639	direct	TRAV33	NC_000014.9	22190436..22190713	direct
#TRBV7-1	7q34	forward	TRB	43204..43697	direct	TRBV7-1*01 ORF	-	L-V-GENE-UNIT	-	-	TRBV7-1	NC_000007.14	142332215..142332708	direct
#TRBV7-1	7q34	forward	TRB	43401..43690	direct	TRBV7-1*01 ORF	X61444	V-REGION	1332..1621	direct	TRBV7-1	NC_000007.14	142332412..142332701	direct
#TRBV5-3	7q34	forward	TRB	100191..100696	direct	TRBV5-3*02 ORF	-	L-V-GENE-UNIT	-	-	TRBV5-3	NC_000007.14	142389202..142389707	direct
#TRBV5-3	7q34	forward	TRB	100372..100657	direct	TRBV5-3*02 ORF	AF009660	V-REGION	44205..44490	direct	TRBV5-3	NC_000007.14	142389383..142389668	direct
#TRBV12-1	7q34	forward	TRB	126213..126694	direct	TRBV12-1*01 P	-	L-V-GENE-UNIT	-	-	TRBV12-1	NC_000007.14	142415224..142415705	direct
#TRBV12-1	7q34	forward	TRB	126366..126655	direct	TRBV12-1*01 P	X07224	V-REGION	378..667	direct	TRBV12-1	NC_000007.14	142415377..142415666	direct
#TRBV5-7	7q34	forward	TRB	231079..231584	direct	TRBV5-7*01 ORF	-	L-V-GENE-UNIT	-	-	TRBV5-7	NC_000007.14	142520090..142520595	direct
#TRBV5-7	7q34	forward	TRB	231260..231545	direct	TRBV5-7*01 ORF	L36092	V-REGION	334981..335266	direct	TRBV5-7	NC_000007.14	142520271..142520556	direct
#TRBV7-5	7q34	forward	TRB	185085..185597	direct	TRBV7-5*02 P	-	L-V-GENE-UNIT	-	-	TRBV7-5	NC_000007.14	142474096..142474608	direct
#TRBV7-5	7q34	forward	TRB	185269..185557	direct	TRBV7-5*02 P	AF009663	V-REGION	33638..33926	direct	TRBV7-5	NC_000007.14	142474280..142474568	direct
#TRBV6-7	7q34	forward	TRB	198852..199323	direct	TRBV6-7*01 ORF	-	L-V-GENE-UNIT	-	-	TRBV6-7	NC_000007.14	142487863..142488334	direct
#TRBV6-7	7q34	forward	TRB	198998..199284	direct	TRBV6-7*01 ORF	L36092	V-REGION	302725..303011	direct	TRBV6-7	NC_000007.14	142488009..142488295	direct
#TRBV17	7q34	forward	TRB	312617..313388	direct	-	-	L-V-GENE-UNIT	-	-	TRBV17	NC_000007.14	142601628..142602399	direct
#TRBV17	7q34	forward	TRB	313063..313349	direct	-	-	V-REGION	-	-	TRBV17	NC_000007.14	142602074..142602360	direct
														
# Combination or nonfunction regions														
#TRAV14/DV4	14q11.2	forward	TRA	312458..312747	direct	TRAV14/DV4*01 F	M21626	V-REGION	226..515	direct	TRAV14DV4	NC_000014.9	21924362..21924651	direct
#TRAV29/DV5	14q11.2	forward	TRD	249211..249771	direct	-	-	L-V-GENE-UNIT	-	-	TRAV29DV5	NC_000014.9	22163349..22163909	direct
#TRAV29/DV5	14q11.2	forward	TRD	249453..249732	direct	-	-	V-REGION	-	-	TRAV29DV5	NC_000014.9	22163591..22163870	direct
#TRAV36/DV7	14q11.2	forward	TRD	312624..313155	direct	-	-	L-V-GENE-UNIT	-	-	TRAV36DV7	NC_000014.9	22226762..22227293	direct
#TRAV36/DV7	14q11.2	forward	TRD	312840..313116	direct	-	-	V-REGION	-	-	TRAV36DV7	NC_000014.9	22226978..22227254	direct
#TRAV38-2/DV8	14q11.2	forward	TRD	367013..367649	direct	TRAV38-2/DV8*01 F	-	L-V-GENE-UNIT	-	-	TRAV38-2DV8	NC_000014.9	22281151..22281787	direct
#TRAV38-2/DV8	14q11.2	forward	TRD	367322..367610	direct	TRAV38-2/DV8*01 F	AE000661	V-REGION	34309..34597	direct	TRAV38-2DV8	NC_000014.9	22281460..22281748	direct
#TRAV14/DV4	14q11.2	forward	TRD	10000..10552	direct	TRAV14/DV4*01 F	-	L-V-GENE-UNIT	-	-	TRAV14DV4	NC_000014.9	21924138..21924690	direct
#TRAV14/DV4	14q11.2	forward	TRD	10224..10513	direct	TRAV14/DV4*01 F	M21626	V-REGION	226..515	direct	TRAV14DV4	NC_000014.9	21924362..21924651	direct
#TRAV23/DV6	14q11.2	forward	TRD	172314..172862	direct	-	-	L-V-GENE-UNIT	-	-	TRAV23DV6	NC_000014.9	22086452..22087000	direct
#TRAV23/DV6	14q11.2	forward	TRD	172544..172823	direct	-	-	V-REGION	-	-	TRAV23DV6	NC_000014.9	22086682..22086961	direct
#TRGV5P	7p14	reverse	TRG	32556..33064	direct	TRGV5P*02 P	-	L-V-GENE-UNIT	-	-	TRGV5P	NC_000007.14	38344991..38345499	opposite
#TRGV5P	7p14	reverse	TRG	32726..33025	direct	TRGV5P*02 P	AF159056	V-REGION	28623..28922	direct	TRGV5P	NC_000007.14	38345030..38345329	opposite
#TRGVA	7p14	reverse	TRG	55192..55648	direct	TRGVA*01 P	-	L-V-GENE-UNIT	-	-	TRGVA	NC_000007.14	38322407..38322863	opposite
#TRGVA	7p14	reverse	TRG	55325..55609	direct	TRGVA*01 P	X07208	V-REGION	134..418	direct	TRGVA	NC_000007.14	38322446..38322730	opposite
#TRGVB	7p14	reverse	TRG	81822..82331	direct	-	-	L-V-GENE-UNIT	-	-	TRGVB	NC_000007.14	38295724..38296233	opposite
#TRGVB	7p14	reverse	TRG	81981..82292	direct	-	-	V-REGION	-	-	TRGVB	NC_000007.14	38295763..38296074	opposite
#TRGJP1	7p14	reverse	TRG	101737..101796	direct	TRGJP1*01 F	X08084	J-REGION	29..88	direct	TRGJP1	NC_000007.14	38276259..38276318	opposite
#TRGJP	7p14	reverse	TRG	104407..104468	direct	TRGJP*01 F	M12950	J-REGION	29..90	direct	TRGJP	NC_000007.14	38273587..38273648	opposite
#TRAV23/DV6	14q11.2	forward	TRA	474548..475096	direct	-	-	L-V-GENE-UNIT	-	-	TRAV23DV6	NC_000014.9	22086452..22087000	direct
#TRAV23/DV6	14q11.2	forward	TRA	474778..475057	direct	-	-	V-REGION	-	-	TRAV23DV6	NC_000014.9	22086682..22086961	direct
#TRAV29/DV5	14q11.2	forward	TRA	551445..552005	direct	-	-	L-V-GENE-UNIT	-	-	TRAV29DV5	NC_000014.9	22163349..22163909	direct
#TRAV29/DV5	14q11.2	forward	TRA	551687..551966	direct	-	-	V-REGION	-	-	TRAV29DV5	NC_000014.9	22163591..22163870	direct
#TRAV36/DV7	14q11.2	forward	TRA	614858..615389	direct	-	-	L-V-GENE-UNIT	-	-	TRAV36DV7	NC_000014.9	22226762..22227293	direct
#TRAV36/DV7	14q11.2	forward	TRA	615074..615350	direct	-	-	V-REGION	-	-	TRAV36DV7	NC_000014.9	22226978..22227254	direct
#TRAV38-2/DV8	14q11.2	forward	TRA	669247..669883	direct	TRAV38-2/DV8*01 F	-	L-V-GENE-UNIT	-	-	TRAV38-2DV8	NC_000014.9	22281151..22281787	direct
#TRAV38-2/DV8	14q11.2	forward	TRA	669556..669844	direct	TRAV38-2/DV8*01 F	AE000661	V-REGION	34309..34597	direct	TRAV38-2DV8	NC_000014.9	22281460..22281748	direct
#TRBJ2-2P	7q34	forward	TRB	507679..507731	direct	TRBJ2-2P*01 ORF	X02987	J-REGION	1132..1177	direct	TRBJ2-2P	NC_000007.14	142796690..142796742	direct
#TRGJP2	7p14	reverse	TRG	121659..121718	direct	TRGJP2*01 F	M16016	J-REGION	29..88	direct	TRGJP2	NC_000007.14	38256337..38256396	opposite
														
														
														
														
														
														
														
														
														
														
														
														
														
														
														
														
														
														
														
														
														
# L-PART definitions														
TRAV1-1	14q11.2	forward	-	-	-	-	-	L-PART1+L-PART2	-	-	-	-	21621904..21622292	-
TRAV1-2	14q11.2	forward	-	-	-	-	-	L-PART1+L-PART2	-	-	-	-	21642973..21643311	-
TRAV10	14q11.2	forward	-	-	-	-	-	L-PART1+L-PART2	-	-	-	-	21825508..21825795	-
TRAV12-1	14q11.2	forward	-	-	-	-	-	L-PART1+L-PART2	-	-	-	-	21841243..21841500	-
TRAV12-2	14q11.2	forward	-	-	-	-	-	L-PART1+L-PART2	-	-	-	-	21887962..21888225	-
TRAV12-3	14q11.2	forward	-	-	-	-	-	L-PART1+L-PART2	-	-	-	-	21965507..21965784	-
TRAV13-1	14q11.2	forward	-	-	-	-	-	L-PART1+L-PART2	-	-	-	-	21868862..21869085	-
TRAV13-2	14q11.2	forward	-	-	-	-	-	L-PART1+L-PART2	-	-	-	-	21918258..21918476	-
TRAV16	14q11.2	forward	-	-	-	-	-	L-PART1+L-PART2	-	-	-	-	21990496..21990666	-
TRAV17	14q11.2	forward	-	-	-	-	-	L-PART1+L-PART2	-	-	-	-	21997686..21997891	-
TRAV18	14q11.2	forward	-	-	-	-	-	L-PART1+L-PART2	-	-	-	-	22003211..22003395	-
TRAV19	14q11.2	forward	-	-	-	-	-	L-PART1+L-PART2	-	-	-	-	22007629..22007891	-
TRAV2	14q11.2	forward	-	-	-	-	-	L-PART1+L-PART2	-	-	-	-	21712331..21712580	-
TRAV20	14q11.2	forward	-	-	-	-	-	L-PART1+L-PART2	-	-	-	-	22040663..22040879	-
TRAV21	14q11.2	forward	-	-	-	-	-	L-PART1+L-PART2	-	-	-	-	22052521..22052777	-
TRAV22	14q11.2	forward	-	-	-	-	-	L-PART1+L-PART2	-	-	-	-	22070690..22070937	-
TRAV25	14q11.2	forward	-	-	-	-	-	L-PART1+L-PART2	-	-	-	-	22112423..22112758	-
TRAV26-1	14q11.2	forward	-	-	-	-	-	L-PART1+L-PART2	-	-	-	-	22123527..22124008	-
TRAV26-2	14q11.2	forward	-	-	-	-	-	L-PART1+L-PART2	-	-	-	-	22202583..22203092	-
TRAV27	14q11.2	forward	-	-	-	-	-	L-PART1+L-PART2	-	-	-	-	22148092..22148359	-
TRAV28	14q11.2	forward	-	-	-	-	-	L-PART1+L-PART2	-	-	-	-	22155079..22155375	-
TRAV3	14q11.2	forward	-	-	-	-	-	L-PART1+L-PART2	-	-	-	-	21723889..21724035	-
TRAV30	14q11.2	forward	-	-	-	-	-	L-PART1+L-PART2	-	-	-	-	22168429..22168714	-
TRAV34	14q11.2	forward	-	-	-	-	-	L-PART1+L-PART2	-	-	-	-	22207534..22207852	-
TRAV35	14q11.2	forward	-	-	-	-	-	L-PART1+L-PART2	-	-	-	-	22221896..22222199	-
TRAV38-1	14q11.2	forward	-	-	-	-	-	L-PART1+L-PART2	-	-	-	-	22271971..22272273	-
TRAV39	14q11.2	forward	-	-	-	-	-	L-PART1+L-PART2	-	-	-	-	22304054..22304276	-
TRAV4	14q11.2	forward	-	-	-	-	-	L-PART1+L-PART2	-	-	-	-	21736219..21736705	-
TRAV40	14q11.2	forward	-	-	-	-	-	L-PART1+L-PART2	-	-	-	-	22314490..22314656	-
TRAV41	14q11.2	forward	-	-	-	-	-	L-PART1+L-PART2	-	-	-	-	22320188..22320421	-
TRAV5	14q11.2	forward	-	-	-	-	-	L-PART1+L-PART2	-	-	-	-	21749190..21749428	-
TRAV6	14q11.2	forward	-	-	-	-	-	L-PART1+L-PART2	-	-	-	-	21768553..21768800	-
TRAV7	14q11.2	forward	-	-	-	-	-	L-PART1+L-PART2	-	-	-	-	21782993..21783229	-
TRAV8-1	14q11.2	forward	-	-	-	-	-	L-PART1+L-PART2	-	-	-	-	21797419..21797602	-
TRAV8-2	14q11.2	forward	-	-	-	-	-	L-PART1+L-PART2	-	-	-	-	21846762..21846937	-
TRAV8-3	14q11.2	forward	-	-	-	-	-	L-PART1+L-PART2	-	-	-	-	21852558..21852722	-
TRAV8-4	14q11.2	forward	-	-	-	-	-	L-PART1+L-PART2	-	-	-	-	21894561..21894746	-
TRAV8-5	14q11.2	forward	-	-	-	-	-	L-PART1+L-PART2	-	-	-	-	21903077..21903241	-
TRAV8-6	14q11.2	forward	-	-	-	-	-	L-PART1+L-PART2	-	-	-	-	21978679..21978836	-
TRAV9-1	14q11.2	forward	-	-	-	-	-	L-PART1+L-PART2	-	-	-	-	21811502..21811696	-
TRAV9-2	14q11.2	forward	-	-	-	-	-	L-PART1+L-PART2	-	-	-	-	21941184..21941376	-
TRBV10-1	7q34	forward	-	-	-	-	-	L-PART1+L-PART2	-	-	-	-	142399928..142400090	-
TRBV10-2	7q34	forward	-	-	-	-	-	L-PART1+L-PART2	-	-	-	-	142425016..142425178	-
TRBV10-3	7q34	forward	-	-	-	-	-	L-PART1+L-PART2	-	-	-	-	142544236..142544398	-
TRBV11-1	7q34	forward	-	-	-	-	-	L-PART1+L-PART2	-	-	-	-	142407689..142407846	-
TRBV11-2	7q34	forward	-	-	-	-	-	L-PART1+L-PART2	-	-	-	-	142433956..142434104	-
TRBV11-3	7q34	forward	-	-	-	-	-	L-PART1+L-PART2	-	-	-	-	142554881..142555028	-
TRBV12-3	7q34	forward	-	-	-	-	-	L-PART1+L-PART2	-	-	-	-	142560485..142560641	-
TRBV12-4	7q34	forward	-	-	-	-	-	L-PART1+L-PART2	-	-	-	-	142563799..142563955	-
TRBV12-5	7q34	forward	-	-	-	-	-	L-PART1+L-PART2	-	-	-	-	142580981..142581137	-
TRBV13	7q34	forward	-	-	-	-	-	L-PART1+L-PART2	-	-	-	-	142535809..142536005	-
TRBV14	7q34	forward	-	-	-	-	-	L-PART1+L-PART2	-	-	-	-	142587927..142588069	-
TRBV15	7q34	forward	-	-	-	-	-	L-PART1+L-PART2	-	-	-	-	142593005..142593186	-
TRBV16	7q34	forward	-	-	-	-	-	L-PART1+L-PART2	-	-	-	-	142598016..142598179	-
TRBV18	7q34	forward	-	-	-	-	-	L-PART1+L-PART2	-	-	-	-	142615797..142616125	-
TRBV19	7q34	forward	-	-	-	-	-	L-PART1+L-PART2	-	-	-	-	142619057..142619245	-
TRBV2	7q34	forward	-	-	-	-	-	L-PART1+L-PART2	-	-	-	-	142300998..142301142	-
TRBV20-1	7q34	forward	-	-	-	-	-	L-PART1+L-PART2	-	-	-	-	142626727..142627106	-
TRBV24-1	7q34	forward	-	-	-	-	-	L-PART1+L-PART2	-	-	-	-	142656737..142656925	-
TRBV25-1	7q34	forward	-	-	-	-	-	L-PART1+L-PART2	-	-	-	-	142670777..142670957	-
TRBV27	7q34	forward	-	-	-	-	-	L-PART1+L-PART2	-	-	-	-	142715389..142715574	-
TRBV28	7q34	forward	-	-	-	-	-	L-PART1+L-PART2	-	-	-	-	142720680..142720873	-
TRBV29-1	7q34	forward	-	-	-	-	-	L-PART1+L-PART2	-	-	-	-	142740273..142740604	-
TRBV3-1	7q34	forward	-	-	-	-	-	L-PART1+L-PART2	-	-	-	-	142308589..142308761	-
TRBV30	7q34	reverse	-	-	-	-	-	L-PART1+L-PART2	-	-	-	-	142812869..142813287	-
TRBV4-1	7q34	forward	-	-	-	-	-	L-PART1+L-PART2	-	-	-	-	142313213..142313379	-
TRBV4-2	7q34	forward	-	-	-	-	-	L-PART1+L-PART2	-	-	-	-	142345532..142345698	-
TRBV5-1	7q34	forward	-	-	-	-	-	L-PART1+L-PART2	-	-	-	-	142321075..142321258	-
TRBV5-4	7q34	forward	-	-	-	-	-	L-PART1+L-PART2	-	-	-	-	142463117..142463295	-
TRBV5-5	7q34	forward	-	-	-	-	-	L-PART1+L-PART2	-	-	-	-	142482555..142482733	-
TRBV5-6	7q34	forward	-	-	-	-	-	L-PART1+L-PART2	-	-	-	-	142500069..142500248	-
TRBV6-1	7q34	forward	-	-	-	-	-	L-PART1+L-PART2	-	-	-	-	142328354..142328499	-
TRBV6-2	7q34	forward	-	-	-	-	-	L-PART1+L-PART2	-	-	-	-	142349232..142349377	-
TRBV6-4	7q34	forward	-	-	-	-	-	L-PART1+L-PART2	-	-	-	-	142380827..142380974	-
TRBV6-5	7q34	forward	-	-	-	-	-	L-PART1+L-PART2	-	-	-	-	142451013..142451161	-
TRBV6-6	7q34	forward	-	-	-	-	-	L-PART1+L-PART2	-	-	-	-	142469581..142469726	-
TRBV6-8	7q34	forward	-	-	-	-	-	L-PART1+L-PART2	-	-	-	-	142507382..142507526	-
TRBV7-2	7q34	forward	-	-	-	-	-	L-PART1+L-PART2	-	-	-	-	142352866..142353068	-
TRBV7-3	7q34	forward	-	-	-	-	-	L-PART1+L-PART2	-	-	-	-	142384379..142384551	-
TRBV7-4	7q34	forward	-	-	-	-	-	L-PART1+L-PART2	-	-	-	-	142455174..142455345	-
TRBV7-6	7q34	forward	-	-	-	-	-	L-PART1+L-PART2	-	-	-	-	142492177..142492383	-
TRBV7-7	7q34	forward	-	-	-	-	-	L-PART1+L-PART2	-	-	-	-	142511626..142511837	-
TRBV7-9	7q34	forward	-	-	-	-	-	L-PART1+L-PART2	-	-	-	-	142529290..142529472	-
TRBV9	7q34	forward	-	-	-	-	-	L-PART1+L-PART2	-	-	-	-	142391938..142392126	-
TRDV1	14q11.2	forward	-	-	-	-	-	L-PART1+L-PART2	-	-	-	-	22096050..22096332	-
TRDV2	14q11.2	forward	-	-	-	-	-	L-PART1+L-PART2	-	-	-	-	22422546..22422754	-
TRDV3	14q11.2	reverse	-	-	-	-	-	L-PART1+L-PART2	-	-	-	-	22469003..22469040	-
TRGV3	7p14	reverse	-	-	-	-	-	L-PART1+L-PART2	-	-	-	-	38358473..38358511	-
TRGV4	7p14	reverse	-	-	-	-	-	L-PART1+L-PART2	-	-	-	-	38353676..38353714	-
TRGV5	7p14	reverse	-	-	-	-	-	L-PART1+L-PART2	-	-	-	-	38349316..38349354	-
TRGV9	7p14	reverse	-	-	-	-	-	L-PART1+L-PART2	-	-	-	-	38316978..38317016	-
